id	identifier	gene_symbol	population	gender	pubmed	doi	source	text
HLA-DRB5_in_10.1111/j.1749-6632.1991.tb16970.x	HLA-DRB5	HLA-DRB5	Dutch	male/female	1859103	10.1111/j.1749-6632.1991.tb16970.x	http://doi.org/10.1111/j.1749-6632.1991.tb16970.x	HLA-DRB5 genetic variant in  major histocompatibility complex, class II, DR beta 5 (HLA-DRB5) with location 6p21.32 has non-significant association with longevity for male and femalein Dutch population in a study conducted in 1991. The study had the following design: 964 inhabitants aged 85 years and over and 2444 young controls, aged 20-35 years, with an identical ethnic and demographic background were examined. The study concluded the following. Without correcting for multiple testing, HLA-DR5 was higher in the group of 85 years and over, as compared to the control groupThe study was published with pubmed id 1859103 with DOI http://doi.org/10.1111/j.1749-6632.1991.tb16970.x
HLA-B40_in_10.1111/j.1749-6632.1991.tb16970.x	HLA-B40	HLA-B	French	male/female	1859103	10.1111/j.1749-6632.1991.tb16970.x	http://doi.org/10.1111/j.1749-6632.1991.tb16970.x	HLA-B40 genetic variant in  major histocompatibility complex, class I, B (HLA-B) with location 6p21.33 has non-significant association with longevity for male and femalein French population in a study conducted in 1991. The study had the following design: 964 inhabitants aged 85 years and over and 2444 young controls, aged 20-35 years, with an identical ethnic and demographic background were examined. The study concluded the following. Without correcting for multiple testing, HLA-B40 was lower in the group of 85 years and over, as compared to the control groupThe study was published with pubmed id 1859103 with DOI http://doi.org/10.1111/j.1749-6632.1991.tb16970.x
APOB_in_10.1161/01.atv.14.7.1084	APOB	APOB	Finnish	male/female	8018664	10.1161/01.atv.14.7.1084	http://doi.org/10.1161/01.atv.14.7.1084	APOB genetic variant in  apolipoprotein B (APOB) with location 2p24.1 has non-significant association with longevity for male and femalein Finnish population in a study conducted in 1994. The study had the following design: The apolipoprotein B Xba I polymorphism was examined in 179 Finnish centenarians. The study concluded the following. The frequencies of the Xba I alleles among the centenarians and among the young Finns were not significantly differentThe study was published with pubmed id 8018664 with DOI http://doi.org/10.1161/01.atv.14.7.1084
APOC3_in_10.1161/01.atv.14.7.1084	APOC3	APOC3	Swedish	male/female	8018664	10.1161/01.atv.14.7.1084	http://doi.org/10.1161/01.atv.14.7.1084	APOC3 genetic variant in  apolipoprotein C3 (APOC3) with location 11q23.3 has significant association with longevity for male and femalein Swedish population in a study conducted in 1994. The study had the following design: The Sst I polymorphism was examined in 179 Finnish centenarians. The study concluded the following. The S2 allele (Sst I restriction site present) occurred more often in the centenarians (frequency, 12.9%) than in the youngest reference population (frequency, 8.8%)The study was published with pubmed id 8018664 with DOI http://doi.org/10.1161/01.atv.14.7.1084
rs7412_in_10.1161/01.atv.14.7.1084	rs7412	APOE	Italian	male/female	8018664	10.1161/01.atv.14.7.1084	http://doi.org/10.1161/01.atv.14.7.1084	rs7412 genetic variant in  apolipoprotein E (APOE) with location 19q13.32 has significant association with longevity for male and femalein Italian population in a study conducted in 1994. The study had the following design: The common polymorphism of apolipoprotein E (E2, E3, and E4) was examined in 179 Finnish centenarians. The study concluded the following. The frequency of the E2 allele was higher and that of the E4 allele lower in the centenariansThe study was published with pubmed id 8018664 with DOI http://doi.org/10.1161/01.atv.14.7.1084
rs1799752_in_10.1038/ng0194-29	rs1799752	ACE	English (Cambridge)	male/female	8136829	10.1038/ng0194-29	http://doi.org/10.1038/ng0194-29	rs1799752 genetic variant in  angiotensin I converting enzyme (ACE) with location 17q23.3 has significant association with longevity for male and femalein English (Cambridge) population in a study conducted in 1994. The study had the following design: I/D polymorphism was examined in centenarians (n = 338) and in adults aged 20-70 years. The study concluded the following. A variant of ACE which predisposes to coronary heart disease was more frequent in centenarians with a significant increase of the homozygous genotypeThe study was published with pubmed id 8136829 with DOI http://doi.org/10.1038/ng0194-29
APOB_in_10.1016/0021-9150(94)90011-6	APOB	APOB	Danish	male/female	8155090	10.1016/0021-9150(94)90011-6	http://doi.org/10.1016/0021-9150(94)90011-6	APOB genetic variant in  apolipoprotein B (APOB) with location 2p24.1 has significant association with longevity for male and femalein Danish population in a study conducted in 1994. The study had the following design: The apolipoprotein B EcoRI and Xba I polymorphisms were examined in Finnish nonagenarians. The study concluded the following. The frequency of the EcoRI allele R- was somewhat lower in the nonagenarians, particularly in women. The allele frequency for the Xba I polymorphism did not differ between the nonagenarians and the younger groups.The study was published with pubmed id 8155090 with DOI http://doi.org/10.1016/0021-9150(94)90011-6
rs7412_in_10.1016/0021-9150(94)90011-6	rs7412	APOE	Spanish	male/female	8155090	10.1016/0021-9150(94)90011-6	http://doi.org/10.1016/0021-9150(94)90011-6	rs7412 genetic variant in  apolipoprotein E (APOE) with location 19q13.32 has significant association with longevity for male and femalein Spanish population in a study conducted in 1994. The study had the following design: The common polymorphism of apolipoprotein E (E2, E3, and E4) was examined in Finnish nonagenarians. The study concluded the following. The frequency of the E4 allele was lower in the nonagenarians than in the middle-aged and young adultsThe study was published with pubmed id 8155090 with DOI http://doi.org/10.1016/0021-9150(94)90011-6
rs7412_in_8403397	rs7412	APOE	English (Caucasian) and Nigerian	male/female	8403397	8403397	http://doi.org/8403397	rs7412 genetic variant in  apolipoprotein E (APOE) with location 19q13.32 has significant association with longevity for male and femalein English (Caucasian) and Nigerian population in a study conducted in 1993. The study had the following design: Isoforms were examined in 407 healthy Swedish individuals, 244 men and 163 women, ages 17 to 86 years. The study concluded the following. The E4 frequency decreased with increasing age and was significantly lower in individuals > 60 years of ageThe study was published with pubmed id 8403397 with DOI http://doi.org/8403397
APOB_in_10.1007/s004390050364	APOB	APOB	Finnish, American, Mexican and Japanese	male/female	9050915	10.1007/s004390050364	http://doi.org/10.1007/s004390050364	APOB genetic variant in  apolipoprotein B (APOB) with location 2p24.1 has significant association with longevity for male and femalein Finnish, American, Mexican and Japanese population in a study conducted in 1997. The study had the following design: A sample of 143 centenarians and a control sample of 158 individuals were examined for polymorphism in APOB restriction fragment length (RFLP) (XbaI2488 and EcoRI4154) and variable number of tandem repeat (VNTR) (3'APOB-VNTR) polymorphisms. The study concluded the following. Neither the XbaI-RFLP nor the EcoRI-RFLP was able to discriminate between centenarians and controls, while the 3'APOB-VNTR multiallelic system revealed significant differences between the samples: the frequency of alleles with fewer than 35 repeats was lower in centenarians than in controlsThe study was published with pubmed id 9050915 with DOI http://doi.org/10.1007/s004390050364
rs7412_in_10.1007/BF03324333	rs7412	APOE	Swiss	male/female	8541369	10.1007/BF03324333	http://doi.org/10.1007/BF03324333	rs7412 genetic variant in  apolipoprotein E (APOE) with location 19q13.32 has non-significant association with longevity for male and femalein Swiss population in a study conducted in 1995. The study had the following design: APOE common polymorphism (E2, E3, and E4) was examined in a sample of 228 healthy Italian subjects (124 men and 104 women) aged 18-93. The study concluded the following. The frequency of E4 decreased with age and was not found in subjects aged 75 and olderThe study was published with pubmed id 8541369 with DOI http://doi.org/10.1007/BF03324333
APOC1_in_10.1016/s0021-9150(96)06027-3	APOC1	APOC1	Italian (Northern)	male/female	9105559	10.1016/s0021-9150(96)06027-3	http://doi.org/10.1016/s0021-9150(96)06027-3	APOC1 genetic variant in  apolipoprotein C1 (APOC1) with location 19q13.32 has significant association with longevity for male and femalein Italian (Northern) population in a study conducted in 1997. The study had the following design: Allele and genotype frequencies at Hpa1 RFLP were examined in 182 women and 100 men aged >84 years and in 100 boys and 100 girls younger than 17 years. The study concluded the following. Allele and genotype frequencies were significantly different in the elderly women compared to the younger sample. No difference was observed in the elderly men.The study was published with pubmed id 9105559 with DOI http://doi.org/10.1016/s0021-9150(96)06027-3
rs1799752_in_10.1016/s0021-9150(96)06027-3	rs1799752	ACE	Russian	male/female	9105559	10.1016/s0021-9150(96)06027-3	http://doi.org/10.1016/s0021-9150(96)06027-3	rs1799752 genetic variant in  angiotensin I converting enzyme (ACE) with location 17q23.3 has significant association with longevity for male and femalein Russian population in a study conducted in 1997. The study had the following design: I/D polymorphism was examined in 182 women and 100 men aged >84 years and in 100 boys and 100 girls younger than 17 years. The study concluded the following. The I/I polymorphism was depleted in the elderly males but not in the elderly females. Furthermore, significant differences were observed between ACE genotypes in elderly men and elderly women.The study was published with pubmed id 9105559 with DOI http://doi.org/10.1016/s0021-9150(96)06027-3
rs7412_in_10.1016/s0021-9150(96)06027-3	rs7412	APOE	German 	male/female	9105559	10.1016/s0021-9150(96)06027-3	http://doi.org/10.1016/s0021-9150(96)06027-3	rs7412 genetic variant in  apolipoprotein E (APOE) with location 19q13.32 has non-significant association with longevity for male and femalein German  population in a study conducted in 1997. The study had the following design: Common polymorphism was examined in 182 women and 100 men aged > 84 years and in 100 boys and 100 girls younger than 17 years. The study concluded the following. Difference between genotypes in the elderly women and the young sample was observed. However, this did not retain significance when the genotype frequencies of the young sample were adjusted to values expected from the allele frequencies on the basis of Hardy-Weinberg equilibrium and compared to observed genotypes in elderly men and women.The study was published with pubmed id 9105559 with DOI http://doi.org/10.1016/s0021-9150(96)06027-3
rs1801133_in_10.1016/s0021-9150(96)06027-3	rs1801133	MTHFR	Chinese (Uighur, Kazakh and Han in Xinjiang)	male/female	9105559	10.1016/s0021-9150(96)06027-3	http://doi.org/10.1016/s0021-9150(96)06027-3	rs1801133 genetic variant in  methylenetetrahydrofolate reductase (MTHFR) with location 1p36.22 has non-significant association with longevity for male and femalein Chinese (Uighur, Kazakh and Han in Xinjiang) population in a study conducted in 1997. The study had the following design: The 677C/T SNP was examined in 182 women and 100 men aged > 84 years and in 100 boys and 100 girls younger than 17 years. The study concluded the following. MTHFR allele and genotype frequencies were similar in the elderly and young populationsThe study was published with pubmed id 9105559 with DOI http://doi.org/10.1016/s0021-9150(96)06027-3
R353Q_in_10.1161/01.atv.17.4.755	R353Q	F7	American (Caucasian)	male/female	9108791	10.1161/01.atv.17.4.755	http://doi.org/10.1161/01.atv.17.4.755	R353Q genetic variant in  coagulation factor VII (F7) with location 13q34 has non-significant association with longevity for male and femalein American (Caucasian) population in a study conducted in 1997. The study had the following design: The R353Q substitution polymorphism in exon 8 was examined in 124 healthy individuals over 100 years of age and 130 young, healthy individuals. The study concluded the following. No significant differences relative to longevity were foundThe study was published with pubmed id 9108791 with DOI http://doi.org/10.1161/01.atv.17.4.755
rs1800790_in_10.1161/01.atv.17.4.755	rs1800790	FGB	Chinese (Uighur in Xinjiang)	male/female	9108791	10.1161/01.atv.17.4.755	http://doi.org/10.1161/01.atv.17.4.755	rs1800790 genetic variant in  fibrinogen beta chain (FGB) with location 4q31.3 has non-significant association with longevity for male and femalein Chinese (Uighur in Xinjiang) population in a study conducted in 1997. The study had the following design: The G/A-455 SNP was examined in 124 healthy individuals over 100 years old and 130 young, healthy individuals. The study concluded the following. Alleles and genotypes were found with similar frequencies in centenarians and in the control groupThe study was published with pubmed id 9108791 with DOI http://doi.org/10.1161/01.atv.17.4.755
rs1799889_in_10.1161/01.atv.17.4.755	rs1799889	SERPINE1	Italian (Sicily)	male/female	9108791	10.1161/01.atv.17.4.755	http://doi.org/10.1161/01.atv.17.4.755	rs1799889 genetic variant in  serpin family E member 1 (SERPINE1) with location 7q22.1 has significant association with longevity for male and femalein Italian (Sicily) population in a study conducted in 1997. The study had the following design: The 1-bp guanine deletion/insertion (4G/5G) polymorphism in the promoter region was examined in 124 healthy individuals >100 years old and 130 young, healthy individuals. The study concluded the following. In centenarians there was a significantly higher frequency of the 4G allele and of the homozygous 4G4G genotype associated with high PAI-1 (SERPINE1) levelsThe study was published with pubmed id 9108791 with DOI http://doi.org/10.1161/01.atv.17.4.755
rs1799752_in_10.1161/01.cir.95.10.2358	rs1799752	ACE	American (Caucasians) and Italian	male/female	9170397	10.1161/01.cir.95.10.2358	http://doi.org/10.1161/01.cir.95.10.2358	rs1799752 genetic variant in  angiotensin I converting enzyme (ACE) with location 17q23.3 has non-significant association with longevity for male and femalein American (Caucasians) and Italian population in a study conducted in 1997. The study had the following design: ACE (I/D) polymorphism was examined in 10,150 subjects from 20 to >80 years-old. The study concluded the following. The relative frequency of the D allele did not change as a function of ageThe study was published with pubmed id 9170397 with DOI http://doi.org/10.1161/01.cir.95.10.2358
CYP2D6_in_10.1093/ageing/26.2.147	CYP2D6	CYP2D6	Polish	male/female	9177672	10.1093/ageing/26.2.147	http://doi.org/10.1093/ageing/26.2.147	CYP2D6 genetic variant in  cytochrome P450 family 2 subfamily D member 6 (CYP2D6) with location 22q13.2 has non-significant association with longevity for male and femalein Polish population in a study conducted in 1997. The study had the following design: The enzymatic polymorphism was examined in 41 nonagenarians (10 males, mean age 92.2 years, range 90-98) free of known malignancies or neurodegenerative diseases and in control groups comprised of 217 healthy volunteers (128 males, mean age 36.3 years). The study concluded the following. No association with longevity was foundThe study was published with pubmed id 9177672 with DOI http://doi.org/10.1093/ageing/26.2.147
CYP2E1_in_10.1093/ageing/26.2.147	CYP2E1	CYP2E1	Chinese	male/female	9177672	10.1093/ageing/26.2.147	http://doi.org/10.1093/ageing/26.2.147	CYP2E1 genetic variant in  cytochrome P450 family 2 subfamily E member 1 (CYP2E1) with location 10q26.3 has non-significant association with longevity for male and femalein Chinese population in a study conducted in 1997. The study had the following design: The enzymatic polymorphism was examined in 41 nonagenarians (10 males, mean age 92.2 years, range 90-98) free of known malignancies or neurodegenerative diseases and in control groups comprised of 137 (116 males, mean age 32 years). The study concluded the following. No association with longevity was foundThe study was published with pubmed id 9177672 with DOI http://doi.org/10.1093/ageing/26.2.147
NAT2_in_10.1093/ageing/26.2.147	NAT2	NAT2	Italian (Southern)	male/female	9177672	10.1093/ageing/26.2.147	http://doi.org/10.1093/ageing/26.2.147	NAT2 genetic variant in  N-acetyltransferase 2 (NAT2) with location 8p22 has non-significant association with longevity for male and femalein Italian (Southern) population in a study conducted in 1997. The study had the following design: The enzymatic polymorphism was examined in 41 nonagenarians (10 males, mean age 92.2 years, range 90-98) free of known malignancies or neurodegenerative diseases and in control groups comprised of 217 healthy volunteers (128 males, mean age 36.3 years). The study concluded the following. No association with longevity was foundThe study was published with pubmed id 9177672 with DOI http://doi.org/10.1093/ageing/26.2.147
HLA-DRB1_in_10.1093/hmg/7.2.187	HLA-DRB1	HLA-DRB1	Brazilian	male/female	9425225	10.1093/hmg/7.2.187	http://doi.org/10.1093/hmg/7.2.187	HLA-DRB1 genetic variant in  major histocompatibility complex, class II, DR beta 1 (HLA-DRB1) with location 6p21.32 has significant association with longevity for male and femalein Brazilian population in a study conducted in 1998. The study had the following design: The longevous groups included two independent cohorts totalling 533 centenarians and 163 nonagenarian siblings. Control group included 2950 subjects.. The study concluded the following. DR7 frequency was elevated in longevous men and DR13 frequency was increased in centenarians. DR11's influence on longevity displayed a significant interaction with sex, with an increase in women from longevous sibships. HLA-DR homozygotes were more frequent in centenarians than in controls.The study was published with pubmed id 9425225 with DOI http://doi.org/10.1093/hmg/7.2.187
APOA4_in_10.1016/s0304-3940(98)00025-1	APOA4	APOA4	Japanese	male/female	9533408	10.1016/s0304-3940(98)00025-1	http://doi.org/10.1016/s0304-3940(98)00025-1	APOA4 genetic variant in  apolipoprotein A4 (APOA4) with location 11q23.3 has non-significant association with longevity for male and femalein Japanese population in a study conducted in 1998. The study had the following design: Glutamine (CAG) to histidine (CAT) substitution at codon 360 was examined in 120 Alzheimer patients (88 females, 32 males) and 119 presumed-healthy elderly subjects (62 females, 57 males). The study concluded the following. The frequency of apoAIV alleles was not significantly different between Alzheimer patients and the elderly control group. However, in both groups, apoAIV (360:His) allele frequency was higher than in the general population.The study was published with pubmed id 9533408 with DOI http://doi.org/10.1016/s0304-3940(98)00025-1
GSTM1_in_10.1007/s004390050735	GSTM1	GSTM1	Korean	male/female	9654200	10.1007/s004390050735	http://doi.org/10.1007/s004390050735	GSTM1 genetic variant in  glutathione S-transferase mu 1 (GSTM1) with location 1p13.3 has non-significant association with longevity for male and femalein Korean population in a study conducted in 1998. The study had the following design: The GSTM1 deletion was examined in 552 centenarians and 243 controls aged 20-70 years. The study concluded the following. No significant difference was found between centenarian and control subjectsThe study was published with pubmed id 9654200 with DOI http://doi.org/10.1007/s004390050735
638G/A_in_9854023	638G/A	SULT1A1	Italian (Northern and Central)	male/female	9854023	9854023	http://doi.org/9854023	638G/A genetic variant in  sulfotransferase family 1A member 1 (SULT1A1) with location 16p11.2 has significant association with longevity for male and femalein Italian (Northern and Central) population in a study conducted in 1999. The study had the following design: 638G/A (Arg 213 to His) SNP was examined in Caucasian (n=293; 12-99 years old) and African (Nigerian, n=52) populations. The study concluded the following. A significant age-related difference in genotype was observed within Caucasian population, with increasing incidence of SULT1A11 homozygosity and decreasing incidence of SULT1A12 homozygosity with increasing ageThe study was published with pubmed id 9854023 with DOI http://doi.org/9854023
PARP1_in_10.1038/sj.ejhg.5200222	PARP1	PARP1	Italian (Nothern and Central)	male/female	9887369	10.1038/sj.ejhg.5200222	http://doi.org/10.1038/sj.ejhg.5200222	PARP1 genetic variant in  poly(ADP-ribose) polymerase 1 (PARP1) with location 1q42.12 has non-significant association with longevity for male and femalein Italian (Nothern and Central) population in a study conducted in 1998. The study had the following design: Polymorphic repeats in exon 1 were examined in 196 centenarians (143 females and 53 males) and 358 controls (196 females and 162 male; 10-85 years old). The study concluded the following. No significant difference in genotypic frequencies was found between centenarians and controlsThe study was published with pubmed id 9887369 with DOI http://doi.org/10.1038/sj.ejhg.5200222
REN_in_10.1038/sj.ejhg.5200222	REN	REN	Irish	male/female	9887369	10.1038/sj.ejhg.5200222	http://doi.org/10.1038/sj.ejhg.5200222	REN genetic variant in  renin (REN) with location 1q32.1 has non-significant association with longevity for male and femalein Irish population in a study conducted in 1998. The study had the following design: Polymorphic repeats in intron 7 (Short and Long alleles) were examined in 196 centenarians (143 females and 53 males) and 358 controls (196 females and 162 male; 10-85 years old). The study concluded the following. No significant difference in genotypic frequencies was found between centenarians and controlsThe study was published with pubmed id 9887369 with DOI http://doi.org/10.1038/sj.ejhg.5200222
TH_in_10.1038/sj.ejhg.5200222	TH	TH	Irish (Belfast)	male/female	9887369	10.1038/sj.ejhg.5200222	http://doi.org/10.1038/sj.ejhg.5200222	TH genetic variant in  tyrosine hydroxylase (TH) with location 11p15.5 has significant association with longevity for male and femalein Irish (Belfast) population in a study conducted in 1998. The study had the following design: Polymorphic repeats in intron 1 (Short and Long alleles) were examined in 196 centenarians (143 females and 53 males) and 358 controls (196 females and 162 male; 10-85 years old). The study concluded the following. A significant loss of LL homozygous genotypes was found at the THO locus in male but not in female centenarians with respect to matched controlsThe study was published with pubmed id 9887369 with DOI http://doi.org/10.1038/sj.ejhg.5200222
401C/T_in_10.1038/sj.ejhg.5200222	401C/T	SOD2	Italian, French and Danish	male/female	9887369	10.1038/sj.ejhg.5200222	http://doi.org/10.1038/sj.ejhg.5200222	401C/T genetic variant in  superoxide dismutase 2 (SOD2) with location 6q25.3 has non-significant association with longevity for male and femalein Italian, French and Danish population in a study conducted in 1998. The study had the following design: 401C/T SNP was examined in 196 centenarians (143 females and 53 males) and 358 controls (196 females and 162 male; 10-85 years old). The study concluded the following. No significant difference in genotypic frequencies was found between centenarians and controlsThe study was published with pubmed id 9887369 with DOI http://doi.org/10.1038/sj.ejhg.5200222
rs1799752_in_9761238	rs1799752	ACE	Irish (Northern)	male/female	9761238	9761238	http://doi.org/9761238	rs1799752 genetic variant in  angiotensin I converting enzyme (ACE) with location 17q23.3 has significant association with longevity for male and femalein Irish (Northern) population in a study conducted in 1998. The study had the following design: I/D polymorphism was examined in 394 French centenarians (13% men and 87% women) and controls (238) from 20 to 70 years of age (140 men and 98 women). The study concluded the following. Both the ACE D allele and ACE D/D genotype were more frequent in centenarians in comparison with controls, without sex-related differences nor a significant correlation with cardiovascular pathologyThe study was published with pubmed id 9761238 with DOI http://doi.org/9761238
C1367R_in_10069711	C1367R	WRN	American	male/female	10069711	10069711	http://doi.org/10069711	C1367R genetic variant in  Werner syndrome RecQ like helicase (WRN) with location 8p12 has non-significant association with longevity for male and femalein American population in a study conducted in 1999. The study had the following design: The 1367 Cys/Arg polymorphism was examined during aging in 175 Finnish centenarians and 178 newborns, 169 Mexican newborns, 23 North American adults and 198 Japanese adults. The study concluded the following. When newborns and centenarians were compared within the Finnish population no differences were observed in the proportions of 1367 Cys/Arg across age groups. The frequency of the 1367 Arg allele, thought to be protective against myocardial infarction in a Japanese population, was approximately three times higher in the North American and Finnish adult populations.The study was published with pubmed id 10069711 with DOI http://doi.org/10069711
C3_in_10.1093/gerona/54.4.b150	C3	C3	Brazilian of European and Japanese origin	male/female	10219002	10.1093/gerona/54.4.b150	http://doi.org/10.1093/gerona/54.4.b150	C3 genetic variant in  complement C3 (C3) with location 19p13.3 has non-significant association with longevity for male and femalein Brazilian of European and Japanese origin population in a study conducted in 1999. The study had the following design: C3 alleles were examined in healthy aged people (77 centenarians and 89 elderly subjects). The study concluded the following. The frequencies of C3 alleles were similar in the studied cohortsThe study was published with pubmed id 10219002 with DOI http://doi.org/10.1093/gerona/54.4.b150
CFB_in_10.1093/gerona/54.4.b150	CFB	CFB	Ashkenazi Jewish 	male/female	10219002	10.1093/gerona/54.4.b150	http://doi.org/10.1093/gerona/54.4.b150	CFB genetic variant in  complement factor B (CFB) with location 6p21.33 has non-significant association with longevity for male and femalein Ashkenazi Jewish  population in a study conducted in 1999. The study had the following design: Alleles were examined in healthy aged people (77 centenarians and 89 elderly subjects). The study concluded the following. The frequencies of the alleles were similar in the studied cohortsThe study was published with pubmed id 10219002 with DOI http://doi.org/10.1093/gerona/54.4.b150
C4A_in_10.1093/gerona/54.4.b150	C4A	C4A	Russian (Novosibirsk)	male/female	10219002	10.1093/gerona/54.4.b150	http://doi.org/10.1093/gerona/54.4.b150	C4A genetic variant in  complement C4A (Rodgers blood group) (C4A) with location 6p21.33 has non-significant association with longevity for male and femalein Russian (Novosibirsk) population in a study conducted in 1999. The study had the following design: C4 alleles were examined in healthy aged people (77 centenarians and 89 elderly subjects). The study concluded the following. The frequencies of C4A alleles were similar in the studied cohorts. For C4B null allele (C4BQ0) a trend toward an increase in the older cohort was observed, although the differences were not statistically significant after correction for multiple testing.The study was published with pubmed id 10219002 with DOI http://doi.org/10.1093/gerona/54.4.b150
M/T235_in_10494771	M/T235	AGT	Russian (Novosibirsk)	male/female	10494771	10494771	http://doi.org/10494771	M/T235 genetic variant in  angiotensinogen (AGT) with location 1q42.2 has non-significant association with longevity for male and femalein Russian (Novosibirsk) population in a study conducted in 1999. The study had the following design: M/T235 SNP was examined in 187 centenarians and 201 controls (20-64 years). The study concluded the following. No significant differences relative to longevity were foundThe study was published with pubmed id 10494771 with DOI http://doi.org/10494771
rs1799752_in_10494771	rs1799752	ACE	Italian and N. Irish	male/female	10494771	10494771	http://doi.org/10494771	rs1799752 genetic variant in  angiotensin I converting enzyme (ACE) with location 17q23.3 has non-significant association with longevity for male and femalein Italian and N. Irish population in a study conducted in 1999. The study had the following design: I/D polymorphism was examined in 187 centenarians and 201 controls (20-64 years). The study concluded the following. No significant differences relative to longevity were foundThe study was published with pubmed id 10494771 with DOI http://doi.org/10494771
rs1799963_in_10494771	rs1799963	F2	Bulgarian	male/female	10494771	10494771	http://doi.org/10494771	rs1799963 genetic variant in  coagulation factor II, thrombin (F2) with location 11p11.2 has non-significant association with longevity for male and femalein Bulgarian population in a study conducted in 1999. The study had the following design: F2 20210 G/A SNP was examined in 187 centenarians and 201 controls (20-64 years). The study concluded the following. No association with longevity was foundThe study was published with pubmed id 10494771 with DOI http://doi.org/10494771
R353Q_in_10494771	R353Q	F7	Italian (Sardinia)	male/female	10494771	10494771	http://doi.org/10494771	R353Q genetic variant in  coagulation factor VII (F7) with location 13q34 has non-significant association with longevity for male and femalein Italian (Sardinia) population in a study conducted in 1999. The study had the following design: The R353Q substitution, intron 7 (37bp)n, and -323ins10 polymorphisms were examined in 187 centenarians and 201 healthy controls, aged 20-64 years (mean age 42 years).. The study concluded the following. The genotype frequencies in the centenarians and in the controls were similarThe study was published with pubmed id 10494771 with DOI http://doi.org/10494771
rs1800790_in_10494771	rs1800790	FGB	Ashkenazi Jewish (Jerusalem)	male/female	10494771	10494771	http://doi.org/10494771	rs1800790 genetic variant in  fibrinogen beta chain (FGB) with location 4q31.3 has non-significant association with longevity for male and femalein Ashkenazi Jewish (Jerusalem) population in a study conducted in 1999. The study had the following design: The -455G/A SNP was examined in 187 centenarians and 201 healthy controls aged 20-64 years (mean age 42 years). The study concluded the following. The genotype frequencies in the centenarians and the controls were similarThe study was published with pubmed id 10494771 with DOI http://doi.org/10494771
33L/P_in_10494771	33L/P	ITGB3	Mexican	male/female	10494771	10494771	http://doi.org/10494771	33L/P genetic variant in  integrin subunit beta 3 (ITGB3) with location 17q21.32 has non-significant association with longevity for male and femalein Mexican population in a study conducted in 1999. The study had the following design: L/P33 SNP was examined in 187 Danish centenarians and 201 healthy controls aged 20-64 years (mean age 42 years). The study concluded the following. No significant association with longevity was foundThe study was published with pubmed id 10494771 with DOI http://doi.org/10494771
PLAT_in_10494771	PLAT	PLAT	Italian (Central and Southern)	male/female	10494771	10494771	http://doi.org/10494771	PLAT genetic variant in  plasminogen activator, tissue type (PLAT) with location 8p11.21 has non-significant association with longevity for male and femalein Italian (Central and Southern) population in a study conducted in 1999. The study had the following design: Intron 8 insertion 311 polymorphism was examined in 187 Danish centenarians, and 201 healthy Danish blood donors, aged 20-64 years (mean age 42 years). The study concluded the following. No significant differences relative to longevity were foundThe study was published with pubmed id 10494771 with DOI http://doi.org/10494771
114A/V_in_10494771	114A/V	MTHFR	English	male/female	10494771	10494771	http://doi.org/10494771	114A/V genetic variant in  methylenetetrahydrofolate reductase (MTHFR) with location 1p36.22 has non-significant association with longevity for male and femalein English population in a study conducted in 1999. The study had the following design: A/V114 SNP was examined in 187 unselected centenarians, and 201 healthy controls aged 20-64 years (mean age 42 years). The study concluded the following. No significant association with longevity was foundThe study was published with pubmed id 10494771 with DOI http://doi.org/10494771
rs1799889_in_10494771	rs1799889	SERPINE1	Columbian	male/female	10494771	10494771	http://doi.org/10494771	rs1799889 genetic variant in  serpin family E member 1 (SERPINE1) with location 7q22.1 has non-significant association with longevity for male and femalein Columbian population in a study conducted in 1999. The study had the following design: The 1-bp guanine deletion/insertion (4G/5G) polymorphism was examined in 187 centenarians and 201 healthy controls aged 20-64 years (mean age 42 years). The study concluded the following. No significant differences relative to longevity were foundThe study was published with pubmed id 10494771 with DOI http://doi.org/10494771
rs1799752_in_10.1016/s0735-1097(99)00337-x	rs1799752	ACE	Greek	male/female	10520809	10.1016/s0735-1097(99)00337-x	http://doi.org/10.1016/s0735-1097(99)00337-x	rs1799752 genetic variant in  angiotensin I converting enzyme (ACE) with location 17q23.3 has non-significant association with longevity for male and femalein Greek population in a study conducted in 1999. The study had the following design: I/D polymorphism was determined in 648 subjects >85 years-old. Genotype distributions in a subset of 356 elderly subjects were compared to 250 young subjects. Mortality of elderly subjects was also followed for 10 years.. The study concluded the following. The ACE genotype distributions were similar in elderly and young subjects. No associations with mortality were found.The study was published with pubmed id 10520809 with DOI http://doi.org/10.1016/s0735-1097(99)00337-x
rs1799889_in_10.1016/s0735-1097(99)00337-x	rs1799889	SERPINE1	Mediterranean (Italian, Greek and Tunisian)	male/female	10520809	10.1016/s0735-1097(99)00337-x	http://doi.org/10.1016/s0735-1097(99)00337-x	rs1799889 genetic variant in  serpin family E member 1 (SERPINE1) with location 7q22.1 has non-significant association with longevity for male and femalein Mediterranean (Italian, Greek and Tunisian) population in a study conducted in 1999. The study had the following design: The 1-bp guanine deletion/insertion (4G/5G) polymorphism in the promoter region was examined in 648 subjects >85 years old. The study concluded the following. In the cross-sectional analysis, the genotype distributions were similar in elderly and young subjectsThe study was published with pubmed id 10520809 with DOI http://doi.org/10.1016/s0735-1097(99)00337-x
rs1801133_in_10.1046/j.1365-2362.1999.00578.x	rs1801133	MTHFR	Chinese (Han)	male/female	10583447	10.1046/j.1365-2362.1999.00578.x	http://doi.org/10.1046/j.1365-2362.1999.00578.x	rs1801133 genetic variant in  methylenetetrahydrofolate reductase (MTHFR) with location 1p36.22 has non-significant association with longevity for male and femalein Chinese (Han) population in a study conducted in 1999. The study had the following design: C677T SNP was examined in healthy subjects (n=118; age<65), older healthy subjects (n=106; age>65), patients with coronary artery disease (n=75), and patients with peripheral arterial occlusive disease (n=63). The study concluded the following. No difference in either genotype distribution or allele frequencies between patients and controls was foundThe study was published with pubmed id 10583447 with DOI http://doi.org/10.1046/j.1365-2362.1999.00578.x
CYP1A1_in_10.1006/bbrc.2001.4280	CYP1A1	CYP1A1	Jordanian	male/female	11162685	10.1006/bbrc.2001.4280	http://doi.org/10.1006/bbrc.2001.4280	CYP1A1 genetic variant in  cytochrome P450 family 1 subfamily A member 1 (CYP1A1) with location 15q24.1 has non-significant association with longevity for male and femalein Jordanian population in a study conducted in 2001. The study had the following design: Polymorphisms were examined in 94 nonagenarians and centenarians and 418 control subjects of younger age. The study concluded the following. No association with longevity was foundThe study was published with pubmed id 11162685 with DOI http://doi.org/10.1006/bbrc.2001.4280
GSTM1_in_10.1006/bbrc.2001.4280	GSTM1	GSTM1	Caucasians	male/female	11162685	10.1006/bbrc.2001.4280	http://doi.org/10.1006/bbrc.2001.4280	GSTM1 genetic variant in  glutathione S-transferase mu 1 (GSTM1) with location 1p13.3 has non-significant association with longevity for male and femalein Caucasians population in a study conducted in 2001. The study had the following design: GSTM1 deletion was examined in 94 nonagenarians and centenarians and in 418 control subjects of younger age. The study concluded the following. No association with longevity was foundThe study was published with pubmed id 11162685 with DOI http://doi.org/10.1006/bbrc.2001.4280
GSTT1_in_10.1006/bbrc.2001.4280	GSTT1	GSTT1	Italian (Palermo)	male/female	11162685	10.1006/bbrc.2001.4280	http://doi.org/10.1006/bbrc.2001.4280	GSTT1 genetic variant in  glutathione S-transferase theta 1 (GSTT1) with location 22q11.23 has significant association with longevity for male and femalein Italian (Palermo) population in a study conducted in 2001. The study had the following design: Deletion was examined in 94 nonagenarians and centenarians and 418 control subjects of younger age. The study concluded the following. A significant difference in the proportion of nonagenarians and centenarians homozygotes for the deletion was observed in comparison to control subjectsThe study was published with pubmed id 11162685 with DOI http://doi.org/10.1006/bbrc.2001.4280
rs7412_in_10.1093/gerona/56.2.m75	rs7412	APOE	American (Georgia and Louisiana populations from African and European origin)	male/female	11213279	10.1093/gerona/56.2.m75	http://doi.org/10.1093/gerona/56.2.m75	rs7412 genetic variant in  apolipoprotein E (APOE) with location 19q13.32 has significant association with longevity for male and femalein American (Georgia and Louisiana populations from African and European origin) population in a study conducted in 2001. The study had the following design: Common polymorphism was examined in 179 persons (28 men and 151 women) aged 100 years and older. The study concluded the following. The percentages of E2-allele carriers increased with age, particularly in women. The percentage of carriers of the E4 allele was lower than expected.The study was published with pubmed id 11213279 with DOI http://doi.org/10.1093/gerona/56.2.m75
T-455C_in_10.1093/gerona/56.1.b27	T-455C	APOC3	Italian (Salerno)	male/female	11193221	10.1093/gerona/56.1.b27	http://doi.org/10.1093/gerona/56.1.b27	T-455C genetic variant in  apolipoprotein C3 (APOC3) with location 11q23.3 has significant association with longevity for male and femalein Italian (Salerno) population in a study conducted in 2001. The study had the following design: 5'-untranslated region (T-455C) SNP was examined in a group of 137 elderly individuals (70-106 years old). The study concluded the following. A greater frequency of the -455C allele was demonstrated with agingThe study was published with pubmed id 11193221 with DOI http://doi.org/10.1093/gerona/56.1.b27
rs1799752_in_10.1016/s0764-4469(00)01274-9	rs1799752	ACE	European	male/female	11280044	10.1016/s0764-4469(00)01274-9	http://doi.org/10.1016/s0764-4469(00)01274-9	rs1799752 genetic variant in  angiotensin I converting enzyme (ACE) with location 17q23.3 has non-significant association with longevity for male and femalein European population in a study conducted in 2001. The study had the following design: I/D polymorphism was examined in 560 centenarians and 560 adult controls. The study concluded the following. No association was observed between ACE allele frequencies or genotype and longevityThe study was published with pubmed id 11280044 with DOI http://doi.org/10.1016/s0764-4469(00)01274-9
rs7412_in_10.1016/s0764-4469(00)01274-9	rs7412	APOE	Danish, German	male/female	11280044	10.1016/s0764-4469(00)01274-9	http://doi.org/10.1016/s0764-4469(00)01274-9	rs7412 genetic variant in  apolipoprotein E (APOE) with location 19q13.32 has significant association with longevity for male and femalein Danish, German population in a study conducted in 2001. The study had the following design: Common polymorphism (E2, E3, and E4) was examined in 560 centenarians and 560 adult controls. The study concluded the following. Significant differences were observed between centenarians and controls for allelic and genotypic frequencies. The E4E4 genotype was under-represented in centenarians compared to controls. Centenarians carrying at least one E2 allele or homozygous for E3 were more frequent than controls.The study was published with pubmed id 11280044 with DOI http://doi.org/10.1016/s0764-4469(00)01274-9
rs1799889_in_10.1007/s001090100192	rs1799889	SERPINE1	Italian (Central)	male/female	11485022	10.1007/s001090100192	http://doi.org/10.1007/s001090100192	rs1799889 genetic variant in  serpin family E member 1 (SERPINE1) with location 7q22.1 has non-significant association with longevity for male and femalein Italian (Central) population in a study conducted in 2001. The study had the following design: 205 donors (147 women, 58 men; aged 80-98 years, mean 86.1) were examined for the 1-bp guanine deletion/insertion (4G/5G) polymorphism in the promoter region. The study concluded the following. The 4G/5G polymorphism was not found to be associated with longevityThe study was published with pubmed id 11485022 with DOI http://doi.org/10.1007/s001090100192
G1691A_in_11568114	G1691A	F5	Danish, German, Dutch	male/female	11568114	11568114	http://doi.org/11568114	G1691A genetic variant in  coagulation factor V (F5) with location 1q24.2 has non-significant association with longevity for male and femalein Danish, German, Dutch population in a study conducted in 2001. The study had the following design: G1691A SNP was examined in 2689 healthy Caucasians aged 17-39 years (n = 979; 505 males and 474 females), 40-59 years (n = 900; 526 males and 374 females), and 60-85 years (n = 810; 530 males and 280 females). The study concluded the following. No statistically significant decrease in genotype or allele frequency was observed among carriers of F5The study was published with pubmed id 11568114 with DOI http://doi.org/11568114
C807T_in_11568114	C807T	ITGA2	English (Newcastle)	male/female	11568114	11568114	http://doi.org/11568114	C807T genetic variant in  integrin subunit alpha 2 (ITGA2) with location 5q11.2 has non-significant association with longevity for male and femalein English (Newcastle) population in a study conducted in 2001. The study had the following design: GPIa C807T SNP was examined in 2689 healthy Caucasians aged 17-39 years (n = 979; 505 males and 474 females), 40-59 years (n = 900; 526 males and 374 females), and 60-85 years (n = 810; 530 males and 280 females). The study concluded the following. No statistically significant decrease in genotype or allele frequency was observedThe study was published with pubmed id 11568114 with DOI http://doi.org/11568114
T1565C_in_11568114	T1565C	ITGB3	Spanish and Italian	male/female	11568114	11568114	http://doi.org/11568114	T1565C genetic variant in  integrin subunit beta 3 (ITGB3) with location 17q21.32 has significant association with longevity for male and femalein Spanish and Italian population in a study conducted in 2001. The study had the following design: T1565C SNP was examined in 2689 healthy Caucasians aged 17-39 years (n = 979; 505 males and 474 females), 40-59 years (n = 900; 526 males and 374 females), and 60-85 years (n = 810; 530 males and 280 females). The study concluded the following. The Pl(A2) allele frequency significantly decreased with ageThe study was published with pubmed id 11568114 with DOI http://doi.org/11568114
rs1801133_in_11568114	rs1801133	MTHFR	American (Utah)	male/female	11568114	11568114	http://doi.org/11568114	rs1801133 genetic variant in  methylenetetrahydrofolate reductase (MTHFR) with location 1p36.22 has non-significant association with longevity for male and femalein American (Utah) population in a study conducted in 2001. The study had the following design: C677T SNP was examined in 2689 healthy Caucasians aged 17-39 years (n = 979; 505 males and 474 females), 40-59 years (n = 900; 526 males and 374 females), and 60-85 years (n = 810; 530 males and 280 females). The study concluded the following. No statistically significant decrease in genotype or allele frequency was observed among carriers of 677TThe study was published with pubmed id 11568114 with DOI http://doi.org/11568114
rs1799963_in_11568114	rs1799963	F2	Chinese (Zhuang)	male/female	11568114	11568114	http://doi.org/11568114	rs1799963 genetic variant in  coagulation factor II, thrombin (F2) with location 11p11.2 has non-significant association with longevity for male and femalein Chinese (Zhuang) population in a study conducted in 2001. The study had the following design: F2 20210 G/A SNP was examined in 2689 healthy Caucasians aged 17-39 years (n = 979; 505 males and 474 females), 40-59 years (n = 900; 526 males and 374 females), and 60-85 years (n = 810; 530 males and 280 females). The study concluded the following. No statistically significant decrease in genotype or allele frequency was observed among carriers of F2The study was published with pubmed id 11568114 with DOI http://doi.org/11568114
rs1799752_in_11568114	rs1799752	ACE	Turkish	male/female	11568114	11568114	http://doi.org/11568114	rs1799752 genetic variant in  angiotensin I converting enzyme (ACE) with location 17q23.3 has non-significant association with longevity for male and femalein Turkish population in a study conducted in 2001. The study had the following design: I/D polymorphism was examined in 2689 healthy Caucasians: 17-39 years (n = 979; 505 males and 474 females), 40-59 years (n = 900; 526 males and 374 females), and 60-85 years (n = 810; 530 males and 280 females). The study concluded the following. No statistically significant decrease in genotype or allele frequency was observed among carriers of ACE DThe study was published with pubmed id 11568114 with DOI http://doi.org/11568114
rs1800795_in_10.1002/1521-4141(200108)31:8&#60;2357::aid-immu2357&#62;3.0.co;2-x	rs1800795	IL6	Chinese (Guangxi Bama)	male/female	11500818	10.1002/1521-4141(200108)31:8&#60;2357::aid-immu2357&#62;3.0.co;2-x	http://doi.org/10.1002/1521-4141(200108)31:8&#60;2357::aid-immu2357&#62;3.0.co;2-x	rs1800795 genetic variant in  interleukin 6 (IL6) with location 7p15.3 has significant association with longevity for male and femalein Chinese (Guangxi Bama) population in a study conducted in 2001. The study had the following design: 700 individuals (482 women and 218 men), ranging from 60 to 110 years of age including 323 centenarians were subdivided into three age-groups (60-80, 81-99 and over 99 years of age), and were assessed for -174 C/G locus variability. The study concluded the following. The proportion of homozygotes for the G allele decreases in centenarian males, but not in centenarian females. Among males, homozygotes for the G allele have higher IL-6 serum levels in comparison with carriers of the C allele.The study was published with pubmed id 11500818 with DOI http://doi.org/10.1002/1521-4141(200108)31:8&#60;2357::aid-immu2357&#62;3.0.co;2-x
rs1799752_in_10.1016/s0531-5565(01)00102-4	rs1799752	ACE	Danish, American	male/female	11602206	10.1016/s0531-5565(01)00102-4	http://doi.org/10.1016/s0531-5565(01)00102-4	rs1799752 genetic variant in  angiotensin I converting enzyme (ACE) with location 17q23.3 has non-significant association with longevity for male and femalein Danish, American population in a study conducted in 2001. The study had the following design: The I/D polymorphism was examined in 187 centenarians (47 males and 140 females) and 201 controls (20-64 years). The study concluded the following. No significant differences relative to longevity were foundThe study was published with pubmed id 11602206 with DOI http://doi.org/10.1016/s0531-5565(01)00102-4
M/T235_in_10.1016/s0531-5565(01)00102-4	M/T235	AGT	American (Amish) 	male/female	11602206	10.1016/s0531-5565(01)00102-4	http://doi.org/10.1016/s0531-5565(01)00102-4	M/T235 genetic variant in  angiotensinogen (AGT) with location 1q42.2 has significant association with longevity for male and femalein American (Amish)  population in a study conducted in 2001. The study had the following design: M/T235 SNP was examined in 187 centenarians (47 males and 140 females) and 201 controls (20-64 years). The study concluded the following. Significant influences on survival in males were observed, with reduced hazards of death for carriers of the M235 alleleThe study was published with pubmed id 11602206 with DOI http://doi.org/10.1016/s0531-5565(01)00102-4
rs1799963_in_10.1016/s0531-5565(01)00102-4	rs1799963	F2	American, English, Irish	male/female	11602206	10.1016/s0531-5565(01)00102-4	http://doi.org/10.1016/s0531-5565(01)00102-4	rs1799963 genetic variant in  coagulation factor II, thrombin (F2) with location 11p11.2 has non-significant association with longevity for male and femalein American, English, Irish population in a study conducted in 2001. The study had the following design: F2 20210 G/A SNP was examined in 187 centenarians (47 males and 140 females) and 201 controls (20-64 years). The study concluded the following. No association with longevity was foundThe study was published with pubmed id 11602206 with DOI http://doi.org/10.1016/s0531-5565(01)00102-4
F7_in_10.1016/s0531-5565(01)00102-4	F7	F7	Ashkenazi Jewish, Czechs (Bohemian)	male/female	11602206	10.1016/s0531-5565(01)00102-4	http://doi.org/10.1016/s0531-5565(01)00102-4	F7 genetic variant in  coagulation factor VII (F7) with location 13q34 has non-significant association with longevity for male and femalein Ashkenazi Jewish, Czechs (Bohemian) population in a study conducted in 2001. The study had the following design: Polymorphisms were examined in 187 centenarians (47 males and 140 females) and 201 controls (20-64 years). The study concluded the following. No association with longevity was foundThe study was published with pubmed id 11602206 with DOI http://doi.org/10.1016/s0531-5565(01)00102-4
rs1800790_in_10.1016/s0531-5565(01)00102-4	rs1800790	FGB	European (Danish, Finnish, South Italian and Greek)	male/female	11602206	10.1016/s0531-5565(01)00102-4	http://doi.org/10.1016/s0531-5565(01)00102-4	rs1800790 genetic variant in  fibrinogen beta chain (FGB) with location 4q31.3 has non-significant association with longevity for male and femalein European (Danish, Finnish, South Italian and Greek) population in a study conducted in 2001. The study had the following design: The G/A-455 SNP was examined in 187 centenarians (47 males and 140 females) and 201 controls (20-64 years). The study concluded the following. No association with longevity was foundThe study was published with pubmed id 11602206 with DOI http://doi.org/10.1016/s0531-5565(01)00102-4
rs7412_in_10.1016/s0047-6374(01)00338-4	rs7412	APOE	Caucasian	male/female	11640949	10.1016/s0047-6374(01)00338-4	http://doi.org/10.1016/s0047-6374(01)00338-4	rs7412 genetic variant in  apolipoprotein E (APOE) with location 19q13.32 has significant association with longevity for male and femalein Caucasian population in a study conducted in 2001. The study had the following design: Common polymorphism (E2, E3, and E4) was studied in 164 subjects including 35 persons aged 90 years or older, 71 men aged 20-35 and 54 men with myocardial infarction. The study concluded the following. There was a statistically significant difference in the E4 allele frequencies among the three groups with the older group showing a lower E4 allele frequencyThe study was published with pubmed id 11640949 with DOI http://doi.org/10.1016/s0047-6374(01)00338-4
IL10_in_10.1016/s0047-6374(01)00338-4	IL10	IL10	Japanese (Okinawa)	male/female	11640949	10.1016/s0047-6374(01)00338-4	http://doi.org/10.1016/s0047-6374(01)00338-4	IL10 genetic variant in  interleukin 10 (IL10) with location 1q32.1 has non-significant association with longevity for male and femalein Japanese (Okinawa) population in a study conducted in 2001. The study had the following design: 250 (52 males and 198 females) nonagenarians and 400 healthy control group (18-60 years old) were examined for 1082 SNP. The study concluded the following. No significant differences relative to longevity were foundThe study was published with pubmed id 11640949 with DOI http://doi.org/10.1016/s0047-6374(01)00338-4
IL1B_in_10.1016/s0047-6374(01)00338-4	IL1B	IL1B	Finnish and Mexican	male/female	11640949	10.1016/s0047-6374(01)00338-4	http://doi.org/10.1016/s0047-6374(01)00338-4	IL1B genetic variant in  interleukin 1 beta (IL1B) with location 2q14.1 has non-significant association with longevity for male and femalein Finnish and Mexican population in a study conducted in 2001. The study had the following design: 250 (52 males and 198 females) nonagenarians and 400 healthy control group blood donors (18-60 years old) were examined for +3953 and -511 SNPs. The study concluded the following. No significant differences relative to longevity were foundThe study was published with pubmed id 11640949 with DOI http://doi.org/10.1016/s0047-6374(01)00338-4
-889C/T_in_10.1016/s0047-6374(01)00338-4	-889C/T	IL1A	Czechs (Bohemian), Americans (Baltimore Caucasians and African-Americans)	male/female	11640949	10.1016/s0047-6374(01)00338-4	http://doi.org/10.1016/s0047-6374(01)00338-4	-889C/T genetic variant in  interleukin 1 alpha (IL1A) with location 2q14.1 has non-significant association with longevity for male and femalein Czechs (Bohemian), Americans (Baltimore Caucasians and African-Americans) population in a study conducted in 2001. The study had the following design: 250 (52 males and 198 females) nonagenarians and 400 healthy control group (18-60 years old) were examined for -889 SNP. The study concluded the following. No significant differences relative to longevity were foundThe study was published with pubmed id 11640949 with DOI http://doi.org/10.1016/s0047-6374(01)00338-4
IL1RN_in_10.1016/s0047-6374(01)00338-4	IL1RN	IL1RN	Italian, Ashkenazi Jewish and Japanese	male/female	11640949	10.1016/s0047-6374(01)00338-4	http://doi.org/10.1016/s0047-6374(01)00338-4	IL1RN genetic variant in  interleukin 1 receptor antagonist (IL1RN) with location 2q14.1 has non-significant association with longevity for male and femalein Italian, Ashkenazi Jewish and Japanese population in a study conducted in 2001. The study had the following design: 250 (52 males and 198 females) nonagenarians and 400 healthy control (18-60 years old) were examined for VNTR polymorphism in intron 2 (an 86 bp repeat sequence). The study concluded the following. No significant differences relative to longevity were foundThe study was published with pubmed id 11640949 with DOI http://doi.org/10.1016/s0047-6374(01)00338-4
IL6_in_10.1016/s0047-6374(01)00338-4	IL6	IL6	American of Japanese origin	male/female	11640949	10.1016/s0047-6374(01)00338-4	http://doi.org/10.1016/s0047-6374(01)00338-4	IL6 genetic variant in  interleukin 6 (IL6) with location 7p15.3 has non-significant association with longevity for male and femalein American of Japanese origin population in a study conducted in 2001. The study had the following design: 250 (52 males and 198 females) nonagenarians and 400 healthy control group (18-60 years old) were examined for -174, +3953 and -511 SNPs. The study concluded the following. No significant differences relative to longevity were foundThe study was published with pubmed id 11640949 with DOI http://doi.org/10.1016/s0047-6374(01)00338-4
rs1800629_in_10.1016/s0047-6374(01)00338-4	rs1800629	TNF	European and American (Caucasian)	male/female	11640949	10.1016/s0047-6374(01)00338-4	http://doi.org/10.1016/s0047-6374(01)00338-4	rs1800629 genetic variant in  tumor necrosis factor (TNF) with location 6p21.33 has non-significant association with longevity for male and femalein European and American (Caucasian) population in a study conducted in 2001. The study had the following design: 250 (52 males and 198 females) nonagenarians and 400 healthy control group (18-60 years old) were examined for -308 SNP. The study concluded the following. No significant differences relative to longevity were foundThe study was published with pubmed id 11640949 with DOI http://doi.org/10.1016/s0047-6374(01)00338-4
IGF2_in_10.1016/s0531-5565(01)00146-2	IGF2	IGF2	American (Caucasians), Italian (Southern), French, Ashkenazi Jewish 	male/female	11672987	10.1016/s0531-5565(01)00146-2	http://doi.org/10.1016/s0531-5565(01)00146-2	IGF2 genetic variant in  insulin like growth factor 2 (IGF2) with location 11p15.5 has non-significant association with longevity for male and femalein American (Caucasians), Italian (Southern), French, Ashkenazi Jewish  population in a study conducted in 2001. The study had the following design: Exon 9 AvaII RFLP polymorphism was examined in 219 centenarians (72 males and 147 females) and 256 (controls 20-70 years, 119 males and 137 females). The study concluded the following. No significant difference between centenarians and controls was observedThe study was published with pubmed id 11672987 with DOI http://doi.org/10.1016/s0531-5565(01)00146-2
FokI RFLP_in_10.1016/s0531-5565(01)00146-2	FokI RFLP	INS	Germany, Italian, Chinese (Han)	male/female	11672987	10.1016/s0531-5565(01)00146-2	http://doi.org/10.1016/s0531-5565(01)00146-2	FokI RFLP genetic variant in  insulin (INS) with location 11p15.5 has non-significant association with longevity for male and femalein Germany, Italian, Chinese (Han) population in a study conducted in 2001. The study had the following design: FokI RFLP polymorphism was examined in 219 centenarians (72 males and 147 females) and 256 (controls 20-70 years, 119 males and 137 females). The study concluded the following. No significant difference between centenarians and controls was observedThe study was published with pubmed id 11672987 with DOI http://doi.org/10.1016/s0531-5565(01)00146-2
BRCA1_in_10.1111/j.1749-6632.2001.tb05639.x	BRCA1	BRCA1	Italian (Northern) and Japanese	male/female	11795532	10.1111/j.1749-6632.2001.tb05639.x	http://doi.org/10.1111/j.1749-6632.2001.tb05639.x	BRCA1 genetic variant in  BRCA1, DNA repair associated (BRCA1) with location 17q21.31 has non-significant association with longevity for male and femalein Italian (Northern) and Japanese population in a study conducted in 2001. The study had the following design: Polymorphisms were examined in 102 centenarians from the New England area and 84 centenarians from Italy. The control population consisted of 97 individuals from Italy.. The study concluded the following. The genotype a+a was more frequent in both centenarian groups compared to the control group whereas the genotype a+b was less frequent. The results however were not statistically significant.The study was published with pubmed id 11795532 with DOI http://doi.org/10.1111/j.1749-6632.2001.tb05639.x
rs1799752_in_10.1093/gerona/57.1.m57	rs1799752	ACE	American (Caucasian), Ashkenazi Jewish	male/female	11773214	10.1093/gerona/57.1.m57	http://doi.org/10.1093/gerona/57.1.m57	rs1799752 genetic variant in  angiotensin I converting enzyme (ACE) with location 17q23.3 has significant association with longevity for male and femalein American (Caucasian), Ashkenazi Jewish population in a study conducted in 2002. The study had the following design: I/D polymorphism was examined in 424 subjects comprising 227 Uighur individuals, 108 Kazakh individuals, and 89 Han individuals. All subjects in the latter two groups ranged in age from 65 to 70 years, whereas the Uighur subjects comprised two different age groups: those ranging in age from 59 to 70 years and those ranging in age from 90 to 113 years.. The study concluded the following. Within the Uighur group, frequency of the D allele was significantly higher in the group aged >90 than in the group aged <70. The overall distributions of alleles in the three groups did not differ significantly.The study was published with pubmed id 11773214 with DOI http://doi.org/10.1093/gerona/57.1.m57
rs2430561_in_10.1038/sj.gene.6363827	rs2430561	IFNG	American (Caucasian and AfricanAmerican), Ashkenazi Jewish	male/female	11857058	10.1038/sj.gene.6363827	http://doi.org/10.1038/sj.gene.6363827	rs2430561 genetic variant in  interferon gamma (IFNG) with location 12q15 has significant association with longevity for male and femalein American (Caucasian and AfricanAmerican), Ashkenazi Jewish population in a study conducted in 2002. The study had the following design: The distribution of the 874T/A polymorphism was examined in 174 Italian centenarians (>99 years old, 142 women and 32 men) and 248 <60-year-old control subjects (90 women and 158 men). The study concluded the following. The +874T allele, known to be associated with low IFN-gamma production, was found less frequently in centenarian women than in centenarian men or in control women whereas no significant differences were observed in the distribution of the two alleles between male or female controls. Allele frequencies in centenarian men were not found significantly different from male controls.The study was published with pubmed id 11857058 with DOI http://doi.org/10.1038/sj.gene.6363827
rs1800896_in_10.1038/sj.gene.6363827	rs1800896	IL10	English (Oxford)	male/female	11857058	10.1038/sj.gene.6363827	http://doi.org/10.1038/sj.gene.6363827	rs1800896 genetic variant in  interleukin 10 (IL10) with location 1q32.1 has significant association with longevity for male and femalein English (Oxford) population in a study conducted in 2002. The study had the following design: The -1082G/A, -819C/T and -592C/A proximal promoter SNPs were examined in 190 centenarians (>99 years old, 159 women and 31 men) and in 260 control subjects (99 women and 161 men less than 60 years old). The study concluded the following. The -1082G homozygous genotype, associated with high IL-10 production, was increased in centenarian men but not in centenarian women. No difference was found between centenarians and control subjects regarding the other two SNPs.The study was published with pubmed id 11857058 with DOI http://doi.org/10.1038/sj.gene.6363827
C282Y_in_10.1038/sj.gene.6363827	C282Y	HFE	American (Caucasian), French	male/female	11857058	10.1038/sj.gene.6363827	http://doi.org/10.1038/sj.gene.6363827	C282Y genetic variant in  hemochromatosis (HFE) with location 6p22.2 has significant association with longevity for male and femalein American (Caucasian), French population in a study conducted in 2002. The study had the following design: C282Y, H63D and S65C polymorphisms were studied in 106 young controls (age range from 22 to 55 years; 40 men and 66 women) and 35 elderly subjects (age range from 91 to 105 years; seven men and 28 women). The study concluded the following. A significant difference was observed only in women in frequencies of C282Y alleles between the young and the elderly subjects. Concerning H63D polymorphisms, no significant differences were observed, between old and young people.The study was published with pubmed id 11857058 with DOI http://doi.org/10.1038/sj.gene.6363827
FAS_in_10.1038/sj.cdd.4400964	FAS	FAS	American (Caucasian and African-American)	male/female	11965496	10.1038/sj.cdd.4400964	http://doi.org/10.1038/sj.cdd.4400964	FAS genetic variant in  Fas cell surface death receptor (FAS) with location 10q23.31 has non-significant association with longevity for male and femalein American (Caucasian and African-American) population in a study conducted in 2002. The study had the following design: The -670 and -1377 position SNPs were examined in 50 centenarians and 86 young controls. The study concluded the following. Genotype and allele distribution for both polymorphisms were similar in controls and centenariansThe study was published with pubmed id 11965496 with DOI http://doi.org/10.1038/sj.cdd.4400964
